# skill	repository	upstream-path	ref	commit	content-sha256
bro	https://github.com/cursor/plugins	pstack/skills/bro	main	e5a8186d7b43be8d6ac4452440fbead5f1a51c70	921f01467929bbf5b34bbe5d086189daf63cc1b44129f37007858f2dd77ec486
unslop	https://github.com/cursor/plugins	pstack/skills/unslop	main	e5a8186d7b43be8d6ac4452440fbead5f1a51c70	7412d5a24e986ebcb1d9f38d3dd25ddb874c06a24b5d977e0a4eee14d12da0b0
code-review	https://github.com/mattpocock/skills	skills/engineering/code-review	main	4588b32ecab9ecc9fc8cc6b6c5e7d675b6004b0d	de41b893b8e557be600f3e0b72d9ab29e7c944f3696927b9dd414cad5cef788a
codebase-design	https://github.com/mattpocock/skills	skills/engineering/codebase-design	main	4588b32ecab9ecc9fc8cc6b6c5e7d675b6004b0d	f337ebc576502de4d7b5ef04fc78c6cb556bbeebd15d104e55b9b5be3bae1245
domain-modeling	https://github.com/mattpocock/skills	skills/engineering/domain-modeling	main	4588b32ecab9ecc9fc8cc6b6c5e7d675b6004b0d	742ca2b59a9b1f1b44c95d592cc70debbaf802d1c2858c71ed864ffb3050ede1
grill-me	https://github.com/mattpocock/skills	skills/productivity/grill-me	main	4588b32ecab9ecc9fc8cc6b6c5e7d675b6004b0d	60598979c81f08a71e41e5a6e1548f71e6f102d4b33bdf087619dbea05dfb39c
grill-with-docs	https://github.com/mattpocock/skills	skills/engineering/grill-with-docs	main	4588b32ecab9ecc9fc8cc6b6c5e7d675b6004b0d	71f617e8dfbc84fd777dc02628a3337392a7fd888aeed2c646e1427997a3ebad
grilling	https://github.com/mattpocock/skills	skills/productivity/grilling	main	4588b32ecab9ecc9fc8cc6b6c5e7d675b6004b0d	427a22f29cb87e88db5c75e90895776feb98521de2219e1f68c20ba7823a5e02
implement	https://github.com/mattpocock/skills	skills/engineering/implement	main	4588b32ecab9ecc9fc8cc6b6c5e7d675b6004b0d	cdf2c7370ce0afb86565b65d746f93fb7c3f1371d41c4cf91e4e9f73420c62ae
setup-matt-pocock-skills	https://github.com/mattpocock/skills	skills/engineering/setup-matt-pocock-skills	main	4588b32ecab9ecc9fc8cc6b6c5e7d675b6004b0d	a2b644bfaa1f589496cc5e6c63ef4b84a03067786eacf260c2549baaaef4e9a4
tdd	https://github.com/mattpocock/skills	skills/engineering/tdd	main	4588b32ecab9ecc9fc8cc6b6c5e7d675b6004b0d	663ed9dff14ced8862c5df9ce3168b1668de9f760b91e0e28895d02c010819ab
to-spec	https://github.com/mattpocock/skills	skills/engineering/to-spec	main	4588b32ecab9ecc9fc8cc6b6c5e7d675b6004b0d	9f34d67daeb86ec2b8e74f4b911372312616f32399b1cf378e0076b04cbd5f3a
to-tickets	https://github.com/mattpocock/skills	skills/engineering/to-tickets	main	4588b32ecab9ecc9fc8cc6b6c5e7d675b6004b0d	9f7069aa1c5ebc2ce4babfcddfe091574bb8027cdbd0b926bc4f1765ea023459
writing-for-agents	https://github.com/mattpocock/skills	skills/productivity/writing-for-agents	main	4588b32ecab9ecc9fc8cc6b6c5e7d675b6004b0d	0c65049574d91bc28a51f883278f090ad2e4dc0c13b6d2b2e3ae1116f0204548
